<?xml version="1.0" encoding="utf-8" ?>
<dwsync>
<file name="delete.php" server="ftp.3ncircle.com/www/" local="131903485296959165" remote="131903542200000000" Dst="-1" />
<file name="edit.php" server="ftp.3ncircle.com/www/" local="131903485299819329" remote="131903542200000000" Dst="-1" />
<file name="group.php" server="ftp.3ncircle.com/www/" local="131903485301419420" remote="131903542200000000" Dst="-1" />
<file name="home.php" server="ftp.3ncircle.com/www/" local="131903485303929564" remote="131903542200000000" Dst="-1" />
<file name="user.php" server="ftp.3ncircle.com/www/" local="131903485304899619" remote="131903542200000000" Dst="-1" />
<file name="delete.php" server="ftp.3ncircle.com//www/" local="132535989869080953" remote="132539581800000000" Dst="1" />
<file name="edit.php" server="ftp.3ncircle.com//www/" local="132541151222277533" remote="132541330800000000" Dst="1" />
<file name="embed.php" server="ftp.3ncircle.com//www/" local="132535989871580985" remote="132539581800000000" Dst="1" />
<file name="home.php" server="ftp.3ncircle.com//www/" local="132535989874260964" remote="132539581800000000" Dst="1" />
<file name="group.php" server="ftp.3ncircle.com//www/" local="132535989872910963" remote="132539581800000000" Dst="1" />
<file name="user.php" server="ftp.3ncircle.com//www/" local="132535989875540961" remote="132539581800000000" Dst="1" />
</dwsync>